0,621.65,-1.0
1,609.67,1324.6
2,610.92,1323.65
3,608.82,1321.75
4,610.38,1310.8
5,609.11,1308.35
6,607.04,-1.0
7,611.58,-1.0
8,610.19,1314.85
9,608.66,1313.8
10,598.88,1326.1
11,597.42,1339.1
12,594.08,1338.65
13,603.88,-1.0
14,601.74,-1.0
15,598.98,1340.5
16,605.96,1327.0
17,605.67,1322.5
18,603.85,1318.1
19,609.39,1322.5
20,614.82,-1.0
21,612.98,-1.0
22,611.85,1313.3
23,609.62,1283.3
24,607.18,1269.4
25,612.08,1254.5
26,617.21,1258.75
27,614.74,-1.0
28,615.65,-1.0
29,617.54,1259.5
30,614.77,1253.45
31,635.01,1256.5
32,635.96,1261.05
33,634.02,1251.75
34,637.94,-1.0
35,641.42,-1.0
36,638.97,1254.8
37,636.29,1258.2
38,629.25,1269.05
39,627.72,1271.65
40,631.92,1266.05
41,655.48,-1.0
42,653.25,-1.0
43,651.39,1265.55
44,655.31,1269.4
45,651.45,1270.5
46,682.22,1266.25
47,687.68,1273.0
48,685.91,-1.0
49,698.0,-1.0
50,702.0,1272.0
51,697.01,1288.45
52,733.33,1303.75
53,686.17,1301.0
54,683.69,1302.8
55,704.79,-1.0
56,712.0,-1.0
57,709.96,1283.05
58,708.97,1282.35
59,720.93,1281.4
60,721.5,1267.5
61,715.45,1236.45
62,703.71,-1.0
63,702.28,-1.0
64,706.46,1213.6
65,710.91,1226.95
66,711.73,1229.2
67,736.96,1226.75
68,747.52,1211.0
69,748.98,-1.0
70,729.06,-1.0
71,738.53,1214.25
72,736.97,1212.25
73,741.63,1185.35
74,737.45,1186.1
75,735.64,1187.7
76,733.67,-1.0
77,727.96,-1.0
78,727.31,1187.0
79,732.71,1186.55
80,742.69,1178.1
81,742.05,1161.85
82,772.43,1173.5
83,764.33,-1.0
84,762.97,-1.0
85,754.63,1162.2
86,756.62,1172.5
87,758.99,1177.65
88,769.72,1171.05
89,770.02,1163.6
90,769.08,-1.0
91,777.0,-1.0
92,777.0,1156.1
93,777.99,1158.55
94,774.89,1162.25
95,776.75,1126.95
96,775.88,1131.6
97,788.7,-1.0
98,788.4,-1.0
99,788.67,1136.25
100,793.09,1125.7
101,824.21,1133.65
102,834.97,1131.35
103,901.31,-1.0
104,891.61,-1.0
105,892.6,-1.0
106,897.33,-1.0
107,930.37,-1.0
108,930.34,1134.6
109,963.38,1145.9
110,952.15,-1.0
111,958.12,-1.0
112,997.72,-1.0
113,1015.97,-1.0
114,1013.42,1151.0
115,1126.76,1164.25
116,994.67,1176.7
117,999.65,1175.85
118,896.83,-1.0
119,908.14,-1.0
120,910.49,1178.5
121,906.05,1189.5
122,785.22,1178.55
123,780.92,1205.05
124,826.29,1190.35
125,817.91,-1.0
126,819.55,-1.0
127,830.5,1203.0
128,903.84,1216.05
129,906.6,1214.75
130,895.798875,1196.05
131,893.6210875,1200.55
132,895.64,-1.0
133,918.603625,-1.0
134,922.0736125,1212.85
135,919.97,1216.8
136,893.045625,1195.0
137,915.95625,1189.7
138,915.05,1184.85
139,920.31225,-1.0
140,915.933,-1.0
141,912.19,1192.8
142,964.706075,1212.8
143,979.703875,1203.65
144,983.42,1221.95
145,1013.027,1215.2
146,1030.999413,-1.0
147,1034.07,-1.0
148,1024.01375,1226.75
149,1050.11,1231.0
150,1052.84,1242.1
151,976.103,1236.8
152,999.1035,1228.3
153,997.59,-1.0
154,1000.604625,-1.0
155,999.877375,1222.25
156,1001.2,1230.75
157,1012.325988,1224.4
158,1035.208125,1240.55
159,1035.2,1241.95
160,1056.637138,-1.0
161,1052.779286,-1.0
162,1050.87,1237.3
163,1123.788429,1233.2
164,1123.223188,1236.65
165,1130.01,1247.9
166,1174.86625,1253.65
167,1150.605714,-1.0
168,1150.37,-1.0
169,1190.75195,1257.2
170,1187.565286,1255.6
171,1190.89,1240.4
172,1259.410817,1238.1
173,1285.14,1226.5
174,1287.0,-1.0
175,1270.9333,-1.0
176,1275.197375,1230.95
177,1279.5,1216.65
178,1157.3933,1209.2
179,1192.469143,1206.55
180,1192.09,1202.65
181,1179.159875,-1.0
182,1227.494625,-1.0
183,1227.68,1204.2
184,1245.370786,1204.6
185,1257.399625,1198.8
186,1257.0,1229.35
187,1091.171888,1229.6
188,952.2323625,-1.0
189,967.69,-1.0
190,1049.084488,1232.4
191,1118.630043,1241.6
192,1113.0,1249.05
193,1038.789,1247.5
194,941.9197143,1247.5
195,927.93,-1.0
196,956.7863125,-1.0
197,1037.22925,1257.55
198,1041.04,1257.25
199,1040.5755,1251.1
200,1037.90455,1248.8
201,1034.74,1244.85
202,1086.929571,-1.0
203,1099.169125,-1.0
204,1079.99,1247.25
205,1141.600363,1257.65
206,1133.079314,1245.8
207,1133.53,1252.5
208,1190.45425,1266.45
209,1181.149838,-1.0
210,1184.03,-1.0
211,1207.744875,1250.05
212,1226.617038,1252.9
213,1219.09,1274.3
214,1180.023713,1284.15
215,1185.260057,-1.0
216,1170.36,-1.0
217,1186.927413,-1.0
218,1205.634875,-1.0
219,1176.97,1278.95
220,1217.930088,1279.05
221,1241.686325,1282.1
222,1236.63,1281.85
223,1261.311225,-1.0
224,1257.988113,-1.0
225,1240.84,1269.4
226,1279.414688,1267.8
227,1309.109875,1261.85
228,1288.02,1262.8
229,1331.294429,1266.45
230,1334.979038,-1.0
231,1333.0,-1.0
232,1417.172813,-1.0
233,1452.076288,1255.45
234,1447.55,1250.3
235,1508.292125,1228.45
236,1533.335071,1228.05
237,1518.75,-1.0
238,1535.868429,-1.0
239,1640.619225,1229.8
240,1651.1,1220.4
241,1762.88625,1222.95
242,1820.990563,1223.15
243,1829.0,1231.25
244,1771.920013,-1.0
245,1776.3165,-1.0
246,1780.0,1233.3
247,1739.031975,1234.2
248,1807.485063,1257.4
249,1783.98,1255.9
250,1961.520488,1252.0
251,2052.909788,-1.0
252,2008.84,-1.0
253,2090.662313,1258.85
254,2287.710288,1260.2
255,2256.32,1252.55
256,2387.206286,1256.95
257,2211.976857,1265.05
258,2279.82,-1.0
259,2192.9808,-1.0
260,2275.9307,-1.0
261,2290.02,1262.7
262,2285.933914,1266.2
263,2399.242671,1264.85
264,2409.93,1274.95
265,2525.765158,-1.0
266,2516.173143,-1.0
267,2529.53,1279.95
268,2883.313697,1293.5
269,2664.920863,1291.0
270,2683.03,1273.1
271,2827.4913,1266.55
272,2845.372857,-1.0
273,2898.63,-1.0
274,2657.675063,1266.4
275,2748.185086,1262.0
276,2706.0,1275.5
277,2442.48025,1254.55
278,2464.959814,1255.4
279,2477.94,-1.0
280,2507.389252,-1.0
281,2617.210263,1248.15
282,2600.0,1242.2
283,2671.04325,1242.5
284,2727.288013,1250.8
285,2713.48,1255.7
286,2589.164888,-1.0
287,2512.366286,-1.0
288,2502.03,1245.25
289,2517.903114,1249.55
290,2585.349186,1248.0
291,2558.3,1243.5
292,2477.641375,1242.25
293,2501.191343,-1.0
294,2421.26,-1.0
295,2561.225429,1229.25
296,2599.729838,1223.75
297,2598.89,1220.3
298,2609.96775,1224.9
299,2491.201214,1215.65
300,2502.86,-1.0
301,2536.238938,-1.0
302,2366.170143,1211.9
303,2327.09,1211.05
304,2385.748571,1218.8
305,2354.783417,1218.9
306,2338.49,1230.3
307,2058.9956,-1.0
308,1931.2143,-1.0
309,1910.96,1234.1
310,2320.12225,1240.75
311,2264.7657,1242.15
312,2265.21,1238.7
313,2682.195363,1248.55
314,2807.609857,-1.0
315,2825.51,-1.0
316,2751.821029,1255.55
317,2560.997917,1254.4
318,2564.3,1248.1
319,2647.625,1261.1
320,2781.636583,1264.9
321,2784.8,-1.0
322,2745.955417,-1.0
323,2866.431667,1267.55
324,2862.9,1270.95
325,2693.633983,1269.6
326,2794.117717,1268.1
327,2790.0,1257.7
328,3218.115017,-1.0
329,3252.562533,-1.0
330,3210.2,1258.0
331,3457.374333,1261.8
332,3357.326317,1271.05
333,3340.28,1284.4
334,3632.506667,1286.1
335,3852.802914,-1.0
336,3868.52,-1.0
337,4282.992,1282.3
338,4217.028329,1270.3
339,4179.97,1272.75
340,4328.725717,1285.15
341,4130.440067,1295.8
342,4104.71,-1.0
343,4157.958033,-1.0
344,4043.722,1292.9
345,3986.28,1284.2
346,4174.95,1286.65
347,4340.316717,1289.0
348,4331.77,1285.3
349,4360.513317,-1.0
350,4354.308333,-1.0
351,4339.05,-1.0
352,4607.98545,1318.65
353,4594.98785,1308.5
354,4582.52,1311.75
355,4911.740017,1320.4
356,4580.38748,-1.0
357,4585.57,-1.0
358,4344.098317,1333.1
359,4488.72014,1335.55
360,4385.02,1337.85
361,4654.6585,1343.5
362,4310.750183,1346.25
363,4312.26,-1.0
364,4329.955,-1.0
365,4248.090017,1334.2
366,4198.59,1326.5
367,3961.271267,1327.55
368,3319.63,1324.55
369,3216.43,1322.85
370,3763.62604,-1.0
371,3746.060783,-1.0
372,3678.53,1312.1
373,3943.413333,1309.6
374,3977.561667,1311.3
375,3894.48,1292.1
376,3637.50255,1294.8
377,3776.3869,-1.0
378,3777.62,-1.0
379,3942.555,1293.3
380,3910.307383,1300.05
381,3881.0,1282.55
382,4201.98905,1283.35
383,4193.574667,1283.1
384,4164.27,-1.0
385,4360.722967,-1.0
386,4386.88375,1273.7
387,4394.07,1271.25
388,4225.175,1274.25
389,4338.852,1274.5
390,4318.58,1261.8
391,4376.191667,-1.0
392,4602.280883,-1.0
393,4605.66,1278.75
394,4782.28,1291.4
395,4819.485767,1289.25
396,4822.17,1290.25
397,5563.806567,1299.6
398,5739.438733,-1.0
399,5825.99,-1.0
400,5711.205867,1303.3
401,5603.71294,1284.75
402,5594.66,1280.2
403,5727.6335,1286.4
404,5979.45984,1281.2
405,5986.44,-1.0
406,5983.18455,-1.0
407,5876.079867,1274.9
408,5900.59,1276.45
409,5669.622533,1275.0
410,5893.138417,1273.75
411,5889.82,1266.45
412,5776.69695,-1.0
413,6155.43402,-1.0
414,6136.49,1272.0
415,6388.645167,1270.15
416,6665.306683,1277.05
417,6751.98,1279.2
418,7197.72006,1267.2
419,7437.543317,-1.0
420,7365.99,-1.0
421,6989.071667,1270.9
422,7092.127233,1275.6
423,7128.64,1284.0
424,7158.03706,1284.8
425,6719.39785,1284.3
426,6569.22,-1.0
427,5716.301583,-1.0
428,6550.227533,1277.95
429,6493.63,1274.6
430,7301.42992,1282.2
431,7815.0307,1280.0
432,7868.77,1284.35
433,7817.140383,-1.0
434,8007.654067,-1.0
435,8049.72,1286.2
436,8059.8,1283.3
437,8268.035,1286.95
438,8236.72,1290.35
439,8250.978333,1290.5
440,8707.407267,-1.0
441,8768.8,-1.0
442,9718.29505,1294.9
443,9952.50882,1291.85
444,9919.0,1283.85
445,10147.372,1280.2
446,10883.912,1275.5
447,10879.88,-1.0
448,11332.622,-1.0
449,11584.83,1273.45
450,11591.22,1266.3
451,13540.98,1263.7
452,16501.97167,1255.0
453,16860.88,1250.65
454,15142.83415,-1.0
455,14869.805,-1.0
456,15068.95,1247.15
457,17276.39333,1240.9
458,16808.36667,1242.65
459,16252.31,1251.0
460,17771.9,1254.6
461,19498.68333,-1.0
462,19279.9,-1.0
463,18961.85667,1260.6
464,17737.11167,1260.35
465,17382.94,1264.55
466,16047.51,1264.55
467,15190.945,-1.0
468,13776.61,-1.0
469,13949.175,-1.0
470,14119.02833,-1.0
471,13740.94,-1.0
472,15589.32167,1279.4
473,14380.58167,1291.0
474,14214.01,-1.0
475,13215.574,-1.0
476,14165.575,-1.0
477,13796.0,-1.0
478,15005.85667,1312.05
479,15053.26167,1314.9
480,15039.24,1314.5
481,17174.12,1317.15
482,17319.198,-1.0
483,17155.95,-1.0
484,15265.90667,1319.95
485,14714.25333,1311.0
486,14437.42,1319.75
487,13296.794,1323.05
488,13912.882,1326.8
489,13791.19,-1.0
490,13852.92,-1.0
491,14012.196,1339.25
492,13554.14,1333.85
493,11116.94667,1335.65
494,11345.42333,1332.2
495,11174.82,1334.95
496,12950.79333,-1.0
497,11505.228,-1.0
498,11513.42,1332.6
499,11223.064,1333.4
500,11282.25833,1353.7
501,11392.03,1354.95
502,10969.815,1353.15
503,11524.77667,-1.0
504,11431.37,-1.0
505,11212.655,1343.85
506,10184.06167,1344.9
507,10082.52,1345.05
508,9083.258333,1341.35
509,8901.901667,1331.15
510,8852.73,-1.0
511,8400.648333,-1.0
512,6838.816667,1333.6
513,6925.46,1331.4
514,8099.958333,1324.65
515,8240.536667,1315.45
516,8245.08,1314.1
517,8319.876566,-1.0
518,8343.455,-1.0
519,8068.02,1322.3
520,8597.7675,1325.35
521,9334.633333,1336.25
522,9471.64,1352.45
523,10127.16167,1352.1
524,10841.99167,-1.0
525,11085.83,-1.0
526,11110.965,1346.6
527,11390.39167,1339.85
528,11245.98,1330.5
529,9931.071667,1328.35
530,10162.11667,1327.95
531,10171.3,-1.0
532,9696.593333,-1.0
533,10348.60333,1333.5
534,10319.46,1325.75
535,10370.165,1317.85
536,11009.38167,1307.75
537,10931.12,1322.3
538,11326.94833,-1.0
539,11430.18167,-1.0
540,11516.83,1320.4
541,10763.19833,1331.4
542,10118.058,1329.4
543,9920.46,1321.0
544,9089.278333,1320.6
545,8746.002,-1.0
546,8777.37,-1.0
547,9182.843333,1319.15
548,9154.7,1322.75
549,9153.54,1323.55
550,8358.121667,1318.75
551,8530.402,1310.1
552,8297.89,-1.0
553,8171.415,-1.0
554,8412.033333,1312.4
555,8605.64,1311.0
556,8947.753333,1321.35
557,8690.408333,1329.15
558,8725.37,1346.6
559,8662.378333,-1.0
560,8617.296667,-1.0
561,8457.96,1352.4
562,7876.195,1341.45
563,7960.38,1332.45
564,7950.61,1323.85
565,6882.531667,-1.0
566,6935.48,-1.0
567,6937.56,-1.0
568,7035.848333,-1.0
569,7410.435,1333.45
570,7426.48,1337.3
571,6826.51,1327.7
572,6603.876667,1331.2
573,6634.68,-1.0
574,7017.656667,-1.0
575,6699.273333,1331.95
576,6784.41,1338.95
577,6926.266667,1350.75
578,7847.845,1341.35
579,7941.46,1343.7
580,8036.511051,-1.0
581,8340.748333,-1.0
582,8368.1,1349.35
583,7895.416926,1342.1
584,8164.937426,1351.45
585,8175.96,1348.6
586,8852.718333,1336.75
587,8807.205,-1.0
588,8930.6,-1.0
589,8933.861667,1324.3
590,9555.542,1328.85
591,9658.11,1321.65
592,9258.398333,1320.7
593,9010.32,1321.5
594,8928.55,-1.0
595,9334.281667,-1.0
596,9259.57,1313.2
597,9239.55,1307.1
598,9221.426,1304.2
599,9639.268333,1315.05
600,9753.35,1309.4
601,9803.306667,-1.0
602,9630.136277,-1.0
603,9631.44,-1.0
604,9228.608333,1306.6
605,9322.041667,1313.85
606,9310.37,1318.8
607,8468.788,1324.35
608,8484.346667,-1.0
609,8463.52,-1.0
610,8652.038333,1319.85
611,8511.458,1295.0
612,8471.06,1291.25
613,8106.118333,1289.5
614,8240.055,1288.3
615,8239.08,-1.0
616,8507.406667,-1.0
617,8385.556187,1288.35
618,8396.63,1293.05
619,7555.74,1289.0
620,7566.193333,1304.85
621,7576.78,1303.5
622,7342.908333,-1.0
623,7361.831667,-1.0
624,7344.56,-1.0
625,7459.876667,1295.5
626,7385.395,1300.7
627,7386.72,1305.35
628,7535.146667,1294.6
629,7645.146667,-1.0
630,7637.14,-1.0
631,7500.273333,1295.45
632,7615.722142,1292.05
633,7619.43,1300.1
634,7676.271667,1297.25
635,7620.153333,1298.25
636,7615.54,-1.0
637,6776.888333,-1.0
638,6875.678333,1299.6
639,6879.31,1298.65
640,6315.7,1296.15
641,6647.013333,1302.75
642,6637.41,1285.25
643,6509.426667,-1.0
644,6464.411667,-1.0
645,6445.79,1281.55
646,6737.0,1276.15
647,6714.718333,1274.2
648,6760.83,1266.15
649,6332.573333,1269.15
650,6141.605833,-1.0
651,6170.46,-1.0
652,6211.4475,1268.7
653,6218.595,1260.3
654,6097.46,1254.6
655,6107.896154,1251.55
656,5908.7025,1250.45
657,6223.28,-1.0
658,6374.754167,-1.0
659,6466.069167,1247.8
660,6626.44,1251.75
661,6593.289167,1255.65
662,6603.376667,1255.5
663,6555.51,1255.35
664,6594.281667,-1.0
665,6753.559167,-1.0
666,6724.04,1262.05
667,6510.791667,1254.0
668,6377.363333,1251.4
669,6403.18,1245.9
670,6244.3575,1241.7
671,6241.0,-1.0
672,6248.84,-1.0
673,6514.390833,1241.1
674,6869.910833,1232.8
675,7321.62,1224.5
676,7396.401667,1217.55
677,7428.045,1228.75
678,7334.99,-1.0
679,7451.289167,-1.0
680,7689.884167,1224.95
681,7715.1,1228.35
682,8251.165,1231.5
683,8187.324167,1228.25
684,7939.81,1223.95
685,8182.251667,-1.0
686,8206.341667,-1.0
687,8220.91,1223.8
688,7916.800833,1220.95
689,7570.869167,1219.0
690,7607.7,1215.45
691,7394.499167,1216.3
692,7247.769167,-1.0
693,7011.28,-1.0
694,6988.079167,1209.65
695,6993.513333,1212.35
696,6718.23,1209.55
697,6396.7725,1214.35
698,6396.494667,1214.4
699,6138.96,-1.0
700,6311.131667,-1.0
701,6347.07,1200.35
702,6252.13,1197.0
703,6362.676923,1182.0
704,6342.629231,1180.4
705,6312.75,1178.4
706,6436.720833,-1.0
707,6404.063333,-1.0
708,6486.58,1184.35
709,6401.246154,1190.95
710,6575.229167,1196.65
711,6354.57,1192.35
712,6543.645714,1197.7
713,6719.429231,-1.0
714,6738.27,-1.0
715,6719.266154,-1.0
716,7000.04,1212.25
717,7078.19,1204.2
718,6932.6625,1197.3
719,6981.946154,1202.45
720,7018.78,-1.0
721,7247.935385,-1.0
722,7260.949231,1200.05
723,7265.08,1190.85
724,7113.069231,1196.7
725,6433.271667,1205.15
726,6501.19,1198.9
727,6366.1075,-1.0
728,6286.425833,-1.0
729,6240.98,1196.6
730,6296.320833,1189.85
731,6273.1375,1195.6
732,6326.04,1209.8
733,6499.0625,1201.95
734,6518.655,-1.0
735,6522.39,-1.0
736,6400.600833,1201.9
737,6296.631667,1200.2
738,6342.39,1203.3
739,6418.562667,1208.35
740,6669.990833,1198.7
741,6756.12,-1.0
742,6710.445,-1.0
743,6639.304167,1202.75
744,6583.45,1201.9
745,6468.631667,1194.25
746,6535.476667,1185.4
747,6686.08,1187.25
748,6550.474167,-1.0
749,6593.135,-1.0
750,6611.02,1189.35
751,6562.641667,1204.7
752,6470.4025,1201.2
753,6483.73,1203.45
754,6568.549167,1203.8
755,6581.486667,-1.0
756,6573.62,-1.0
757,6618.567692,1186.95
758,6621.711667,1185.55
759,6626.85,1188.6
760,6248.635833,1205.55
761,6260.530833,1219.75
762,6247.0,-1.0
763,6299.399167,-1.0
764,6452.571667,1229.95
765,6599.17,1230.7
766,6596.276154,1229.05
767,6568.040769,1223.0
768,6509.61,1227.85
769,6488.825833,-1.0
770,6531.601667,-1.0
771,6504.78,1222.3
772,6481.426,1235.95
773,6508.31,1230.55
774,6489.77,1230.8
775,6473.753333,1233.85
776,6465.9175,-1.0
777,6457.21,-1.0
778,6382.668333,1230.8
779,6309.452857,1225.4
780,6301.61,1214.95
781,6342.280833,1231.15
782,6387.674167,1232.1
783,6390.42,-1.0
784,6391.873333,-1.0
785,6436.965,1232.25
786,6437.76,1231.6
787,6538.79,1229.95
788,6486.251667,1224.15
789,6444.97,1211.4
790,6399.033333,-1.0
791,6378.268333,-1.0
792,6408.53,1205.55
793,6372.063333,1202.1
794,6176.155,1203.25
795,5756.77,1211.85
796,5596.1925,1222.4
797,5558.243333,-1.0
798,5572.44,-1.0
799,5303.9425,1221.6
800,4671.97,1223.0
801,4491.98,1226.1
802,4548.7975,1227.05
803,4309.3375,1223.65
804,4352.98,-1.0
805,3823.511667,-1.0
806,3920.536667,1223.4
807,3793.35,1221.2
808,4103.453846,1213.25
809,4263.783333,1226.25
810,4278.77,1217.55
811,4116.7775,-1.0
812,4167.546667,-1.0
813,4140.6,1230.3
814,3961.493333,1240.3
815,3858.349167,1235.9
816,3744.98,1242.55
817,3405.643333,1243.3
818,3435.34,-1.0
819,3453.66,-1.0
820,3523.96,1245.35
821,3426.19,1245.3
822,3407.28,1245.75
823,3406.7625,1242.75
824,3278.374167,1235.35
825,3242.42,-1.0
826,3271.238333,-1.0
827,3392.405,1241.65
828,3556.54,1246.3
829,3808.0425,1255.0
830,3982.850833,1259.75
831,4135.19,1258.15
832,3910.973333,-1.0
833,4027.478333,-1.0
834,3995.17,-1.0
835,3813.88,-1.0
836,3825.379167,-1.0
837,3848.21,1268.0
838,3743.905,1279.0
839,3912.285833,-1.0
840,3770.36,-1.0
841,3791.545833,-1.0
842,3752.271667,-1.0
843,3855.88,1282.9
844,3865.7975,1290.45
845,3822.626667,1279.9
846,3856.62,-1.0
847,3920.456667,-1.0
848,4036.093333,1292.2
849,4032.25,1286.45
850,4034.138333,1288.6
851,3812.585833,1291.9
852,3646.25,1288.95
853,3646.345833,-1.0
854,3599.841667,-1.0
855,3531.96,1292.75
856,3656.785,1294.4
857,3621.270833,1292.3
858,3621.43,1290.7
859,3632.395,1284.2
860,3690.523333,-1.0
861,3703.98,-1.0
862,3548.4275,1279.55
863,3540.02,1282.1
864,3587.35,1279.8
865,3566.4,1283.7
866,3586.25,1293.9
867,3577.79,-1.0
868,3576.3,-1.0
869,3554.5,1302.15
870,3448.58,1307.55
871,3421.6,1310.7
872,3470.0,1323.25
873,3444.81,1318.7
874,3475.33,-1.0
875,3506.22,-1.0
876,3456.02,1312.15
877,3452.35,1314.2
878,3467.34,1312.4
879,3405.7,1310.0
880,3394.76,1314.85
881,3661.08,-1.0
882,3664.38,-1.0
883,3686.29,1306.4
884,3629.47,1310.0
885,3632.42,1312.8
886,3614.5,1311.45
887,3600.31,1316.55
888,3608.2,-1.0
889,3619.55,-1.0
890,3670.74,1325.5
891,3910.8,1334.15
892,3926.53,1343.75
893,3987.18,1331.25
894,3944.88,1329.05
895,3983.48,-1.0
896,4139.6,-1.0
897,3766.89,1331.05
898,3848.33,1325.05
899,3831.45,1322.85
900,3833.23,1319.15
901,3850.08,1311.95
902,3834.62,-1.0
903,3831.44,-1.0
904,3814.58,1285.4
905,3730.98,1283.8
906,3872.25,1285.85
907,3876.85,1285.3
908,3886.82,1296.75
909,3875.96,-1.0
910,3950.56,-1.0
911,3928.17,1292.75
912,3881.09,1297.05
913,3892.51,1306.95
914,3877.77,1295.55
915,3885.21,1303.5
916,3936.5,-1.0
917,4015.95,-1.0
918,3994.92,1305.6
919,3998.77,1307.7
920,4029.11,1303.7
921,4056.4,1309.6
922,3992.34,1311.3
923,3999.06,-1.0
924,4011.92,-1.0
925,3994.11,1319.55
926,3935.89,1316.3
927,3947.74,1309.7
928,4048.51,1295.15
929,4037.37,1295.4
930,4115.55,-1.0
931,4114.44,-1.0
932,4114.16,1293.5
933,4152.53,1290.3
934,4882.88,1290.45
935,4959.81,1283.15
936,4911.24,1288.45
937,5028.77,-1.0
938,5053.52,-1.0
939,5189.39,1300.0
940,5268.71,1303.0
941,5175.81,1305.45
942,5310.18,1298.8
943,5035.02,1294.3
944,5072.85,-1.0
945,5064.62,-1.0
946,5152.51,1285.65
947,5036.18,1276.35
948,5196.65,1275.85
949,5220.37,1275.7
950,5276.31,-1.0
951,5277.04,-1.0
952,5309.28,-1.0
953,5281.83,-1.0
954,5377.19,1269.5
955,5518.16,1271.65
956,5434.19,1280.8
957,5195.61,1284.2
958,5292.83,-1.0
959,5280.19,-1.0
960,5301.29,1279.5
961,5260.65,1282.3
962,5269.79,1283.8
963,5326.67,1270.95
964,5390.16,1278.55
965,5657.14,-1.0
966,5771.08,-1.0
967,5717.66,-1.0
968,5684.47,1281.2
969,5755.72,1285.2
970,5936.72,1286.1
971,6146.91,1287.1
972,6348.02,-1.0
973,7248.31,-1.0
974,6978.63,1295.6
975,7823.11,1298.4
976,7992.69,1299.1
977,8206.9,1291.7
978,7885.96,1280.8
979,7362.22,-1.0
980,7265.05,-1.0
981,8193.7,1276.85
982,8007.03,1271.15
983,7952.5,1273.8
984,7625.93,1283.65
985,7880.29,1282.5
986,8003.26,-1.0
987,8071.45,-1.0
988,8744.42,-1.0
989,8770.06,1278.3
990,8719.88,1281.65
991,8662.98,1280.95
992,8272.46,1295.55
993,8553.81,-1.0
994,8554.8,-1.0
995,8739.03,1317.1
996,8134.92,1324.25
997,7675.8,1335.05
998,7786.04,1335.5
999,7803.23,1340.65
1000,7998.29,-1.0
1001,7931.34,-1.0
1002,7640.61,1328.6
1003,8020.38,1324.3
1004,7917.58,1332.35
1005,8173.06,1335.9
1006,8237.88,1351.25
1007,8693.6,-1.0
1008,8859.47,-1.0
1009,8978.99,1341.3
1010,9327.48,1341.35
1011,9076.18,1344.05
1012,9281.7,1379.5
1013,9531.35,1397.15
1014,10209.38,-1.0
1015,10668.63,-1.0
1016,10814.48,1405.7
1017,11017.5,1431.4
1018,11766.4,1403.95
1019,12932.55,1402.5
1020,11132.85,1409.0
1021,12374.35,-1.0
1022,11890.38,-1.0
1023,10737.73,1390.1
1024,10578.72,1391.05
1025,10805.4,1413.5
1026,11984.76,1414.9
1027,11160.49,1388.65
1028,10955.16,-1.0
1029,11232.04,-1.0
1030,11477.01,1400.1
1031,12313.08,1391.55
1032,12586.78,1408.3
1033,12099.9,1413.75
1034,11352.87,1407.6
1035,11803.97,-1.0
1036,11389.1,-1.0
1037,10186.96,1412.4
1038,10873.5,1409.85
1039,9397.72,1410.35
1040,9674.28,1417.45
1041,10638.56,1439.7
1042,10535.75,-1.0
1043,10764.9,-1.0
1044,10587.41,1427.75
1045,10323.62,1425.55
1046,9844.3,1426.95
1047,9772.17,1416.1
1048,9875.17,1420.4
1049,9848.65,-1.0
1050,9473.99,-1.0
1051,9530.0,1419.05
1052,9501.33,1425.9
1053,9589.13,1427.55
1054,10084.7,1406.8
1055,10407.17,1441.75
1056,10529.55,-1.0
1057,10814.57,-1.0
1058,10980.23,1465.25
1059,11787.99,1465.25
1060,11465.67,1506.05
1061,11960.82,1495.75
1062,11996.41,1497.7
1063,11856.64,-1.0
1064,11282.22,-1.0
1065,11566.84,1504.7
1066,11386.26,1498.4
1067,10858.12,1513.25
1068,10016.96,1515.65
1069,10302.17,1515.25
1070,10359.44,-1.0
1071,10214.52,-1.0
1072,10317.6,1496.6
1073,10917.26,1504.55
1074,10760.56,1503.25
1075,10129.4,1502.05
1076,10111.98,1503.8
1077,10405.81,-1.0
1078,10143.8,-1.0
1079,10135.06,-1.0
1080,10360.28,1532.95
1081,10171.95,1537.15
1082,9717.82,1540.2
1083,9484.55,1528.4
1084,9577.99,-1.0
1085,9600.9,-1.0
1086,9769.79,1525.95
1087,10386.64,1537.85
1088,10621.29,1546.1
1089,10584.16,1529.1
1090,10577.8,1523.7
1091,10317.47,-1.0
1092,10487.21,-1.0
1093,10406.31,1509.2
1094,10313.66,1498.25
1095,10101.03,1490.65
1096,10159.32,1515.2
1097,10420.16,1503.1
1098,10363.9,-1.0
1099,10361.33,-1.0
1100,10310.43,1497.2
1101,10265.63,1502.1
1102,10190.36,1503.5
1103,10157.59,1500.7
1104,10275.88,1501.9
1105,10173.11,-1.0
1106,9979.49,-1.0
1107,10033.05,1522.1
1108,9683.38,1520.65
1109,8553.61,1528.75
1110,8432.23,1506.4
1111,8055.64,1489.9
1112,8193.9,-1.0
1113,8225.0,-1.0
1114,8056.74,1485.3
1115,8307.74,1473.45
1116,8322.92,1492.6
1117,8382.03,1517.1
1118,8236.17,1499.15
1119,8155.48,-1.0
1120,8147.69,-1.0
1121,7869.74,1501.25
1122,8212.02,1505.85
1123,8190.0,1507.25
1124,8587.92,1494.8
1125,8586.9,1479.15
1126,8269.73,-1.0
1127,8308.01,-1.0
1128,8283.76,1490.6
1129,8353.54,1487.8
1130,8162.16,1485.1
1131,8002.51,1492.65
1132,8076.78,1490.0
1133,7954.15,-1.0
1134,7960.04,-1.0
1135,8231.06,1491.65
1136,8222.52,1485.35
1137,8026.76,1494.45
1138,7469.56,1496.55
1139,7431.88,1513.45
1140,8666.79,-1.0
1141,9259.8,-1.0
1142,9551.54,1492.4
1143,9218.76,1486.75
1144,9433.35,1492.1
1145,9164.62,1510.95
1146,9147.98,1508.8
1147,9252.99,-1.0
1148,9301.18,-1.0
1149,9206.16,1509.45
1150,9418.05,1488.95
1151,9310.19,1486.05
1152,9343.34,1484.25
1153,9204.24,1464.15
1154,8766.04,-1.0
1155,8809.41,-1.0
1156,9037.12,1458.7
1157,8717.81,1452.05
1158,8801.52,1462.9
1159,8762.42,1466.65
1160,8632.32,1466.9
1161,8457.69,-1.0
1162,8482.7,-1.0
1163,8503.93,1467.65
1164,8175.99,1468.45
1165,8120.8,1471.7
1166,8081.81,1467.05
1167,7617.07,1464.45
1168,7286.35,-1.0
1169,7324.03,-1.0
1170,6907.4,1458.4
1171,7130.25,1454.65
1172,7163.63,1454.35
1173,7523.83,1454.65
1174,7431.0,1460.15
1175,7757.47,-1.0
1176,7557.72,-1.0
1177,7402.69,1461.15
1178,7309.59,1477.3
1179,7296.77,1475.1
1180,7192.85,1475.95
1181,7395.97,1459.65
1182,7547.19,-1.0
1183,7504.83,-1.0
1184,7522.39,1461.7
1185,7337.42,1464.95
1186,7220.76,1466.8
1187,7202.31,1467.8
1188,7189.16,1466.6
1189,7251.87,-1.0
1190,7067.74,-1.0
1191,7111.14,1477.9
1192,6879.54,1475.8
1193,6612.12,1474.05
1194,7284.29,1476.7
1195,7150.86,1479.0
1196,7190.17,-1.0
1197,7143.2,-1.0
1198,7514.41,1482.1
1199,7322.08,-1.0
1200,7250.69,-1.0
1201,7192.72,-1.0
1202,7194.4,1511.5
1203,7243.93,-1.0
1204,7301.07,-1.0
1205,7385.36,1514.75
1206,7219.6,-1.0
1207,7168.31,-1.0
1208,7175.68,1527.1
1209,6944.33,1548.75
1210,7326.35,-1.0
1211,7347.89,-1.0
1212,7351.57,1573.1
1213,7759.24,1567.85
1214,8165.47,1571.95
1215,8042.65,1550.75
1216,7817.92,1553.6
1217,8184.66,-1.0
1218,8021.49,-1.0
1219,8173.97,1549.9
1220,8105.24,1545.1
1221,8842.42,1549.0
1222,8813.89,1554.55
1223,8722.03,1557.6
1224,8900.34,-1.0
1225,8910.85,-1.0
1226,8703.36,1560.15
1227,8626.47,1551.3
1228,8722.26,1556.9
1229,8658.94,1562.9
1230,8388.11,1564.3
1231,8428.17,-1.0
1232,8327.36,-1.0
1233,8588.42,1580.1
1234,8895.78,1574.0
1235,9385.69,1573.45
1236,9279.81,1578.25
1237,9502.37,1584.2
1238,9333.77,-1.0
1239,9378.09,-1.0
1240,9314.56,1574.75
1241,9162.14,1558.35
1242,9162.14,1553.3
1243,9614.9,1563.3
1244,9755.66,1572.65
1245,9807.54,-1.0
1246,9907.12,-1.0
1247,10162.41,1573.2
1248,9854.79,1570.5
1249,10275.38,1563.7
1250,10354.3,1575.05
1251,10242.43,1581.4
1252,10368.53,-1.0
1253,9904.17,-1.0
1254,9937.67,1580.8
1255,9703.93,1589.85
1256,10180.65,1604.2
1257,9604.72,1619.0
1258,9606.86,1643.3
1259,9696.58,-1.0
1260,9669.63,-1.0
1261,9989.39,1671.65
1262,9663.75,1650.3
1263,9309.15,1634.9
1264,8785.52,1652.0
1265,8804.72,1609.85
1266,8712.35,-1.0
1267,8534.17,-1.0
1268,8912.82,1599.65
1269,8912.82,1615.5
1270,8754.34,1641.85
1271,8758.9,1659.6
1272,9067.39,1683.65
1273,9155.89,-1.0
1274,8898.63,-1.0
1275,8039.38,1672.5
1276,7931.94,1655.7
1277,7885.46,1653.75
1278,7936.65,1570.7
1279,4830.21,1562.8
1280,5609.03,-1.0
1281,5166.26,-1.0
1282,5348.44,1487.7
1283,5026.35,1536.2
1284,5357.61,1498.2
1285,5410.23,1474.25
1286,6195.2,1494.4
1287,6226.44,-1.0
1288,6189.85,-1.0
1289,5822.62,1525.4
1290,6502.16,1605.75
1291,6768.49,1605.45
1292,6698.46,1634.8
1293,6763.75,1617.3
1294,6369.09,-1.0
1295,6260.95,-1.0
1296,5885.41,1618.3
1297,6405.29,1608.95
1298,6428.28,1576.55
1299,6652.87,1616.8
1300,6809.11,1613.1
1301,6741.67,-1.0
1302,6871.69,-1.0
1303,6777.44,1648.3
1304,7343.2,1649.25
1305,7205.55,1647.8
1306,7365.03,1680.65
1307,7293.69,-1.0
1308,6873.24,-1.0
1309,6891.6,-1.0
1310,6915.37,-1.0
1311,6857.66,1741.9
1312,6871.95,1718.65
1313,6623.8,1729.5
1314,7112.27,1692.55
1315,7034.89,-1.0
1316,7259.36,-1.0
1317,7130.04,1686.2
1318,6840.24,1682.05
1319,6852.52,1710.55
1320,7130.99,1736.25
1321,7477.6,1715.9
1322,7507.08,-1.0
1323,7549.52,-1.0
1324,7699.27,1714.95
1325,7790.66,1691.55
1326,7765.33,1703.35
1327,8777.63,1702.75
1328,8628.77,1686.25
1329,8824.66,-1.0
1330,8973.82,-1.0
1331,8903.95,1709.1
1332,8885.93,1699.55
1333,9030.96,1691.5
1334,9170.79,1704.05
1335,10002.48,-1.0
1336,9821.8,-1.0
1337,9527.39,-1.0
1338,8754.46,1702.75
1339,8617.25,1702.4
1340,8814.53,1708.4
1341,9305.93,1731.6
1342,9790.31,1735.35
1343,9303.59,-1.0
1344,9385.7,-1.0
1345,9669.4,1734.7
1346,9719.37,1737.95
1347,9785.74,1748.3
1348,9510.67,1724.9
1349,9057.57,1733.55
1350,9167.26,-1.0
1351,9178.32,-1.0
1352,8730.73,-1.0
1353,8899.66,1720.25
1354,8842.85,1694.6
1355,9197.54,1717.35
1356,9569.21,1728.7
1357,9425.98,-1.0
1358,9698.1,-1.0
1359,9450.84,1730.6
1360,10204.23,1742.15
1361,9525.57,1705.35
1362,9658.04,1700.05
1363,9794.56,1683.45
1364,9623.75,-1.0
1365,9670.43,-1.0
1366,9753.85,1690.35
1367,9782.59,1713.5
1368,9775.15,1722.05
1369,9892.13,1738.25
1370,9286.42,1733.5
1371,9459.97,-1.0
1372,9473.5,-1.0
1373,9330.07,1710.45
1374,9426.7,1719.85
1375,9526.0,1724.35
1376,9454.81,1719.5
1377,9380.03,1734.75
1378,9300.15,-1.0
1379,9357.43,-1.0
1380,9284.78,1761.85
1381,9691.9,1768.9
1382,9621.49,1766.05
1383,9276.58,1756.55
1384,9240.85,1747.6
1385,9154.45,-1.0
1386,9004.23,-1.0
1387,9127.47,1771.6
1388,9185.35,1768.1
1389,9133.97,1771.05
1390,9236.38,1777.45
1391,9087.98,1772.9
1392,9072.42,-1.0
1393,9131.31,-1.0
1394,9089.09,1787.9
1395,9348.91,1789.55
1396,9256.23,1811.1
1397,9440.07,1812.1
1398,9238.04,1803.1
1399,9287.4,-1.0
1400,9235.96,-1.0
1401,9295.9,1807.5
1402,9238.13,1801.9
1403,9254.52,1804.6
1404,9193.51,1807.7
1405,9131.0,1807.35
1406,9154.19,-1.0
1407,9174.71,-1.0
1408,9214.66,1815.65
1409,9163.87,1842.55
1410,9392.66,1852.4
1411,9537.4,1878.3
1412,9613.11,1902.1
1413,9551.28,-1.0
1414,9707.5,-1.0
1415,9938.83,1936.65
1416,11042.4,1940.9
1417,10934.94,1950.9
1418,11102.67,1957.65
1419,11114.93,1964.9
1420,11343.88,-1.0
1421,11823.69,-1.0
1422,11077.77,1958.55
1423,11242.57,1977.9
1424,11194.25,2048.15
1425,11750.28,2067.15
1426,11772.94,2031.15
1427,11605.6,-1.0
1428,11767.6,-1.0
1429,11684.06,2044.5
1430,11893.03,1939.65
1431,11392.43,1931.9
1432,11573.11,1944.25
1433,11777.43,1944.75
1434,11774.38,-1.0
1435,11873.98,-1.0
1436,11914.01,1972.85
1437,12293.72,2008.75
1438,11969.53,1981.0
1439,11734.0,1927.15
1440,11865.82,1924.35
1441,11522.8,-1.0
1442,11683.44,-1.0
1443,11653.02,1943.95
1444,11763.93,1911.15
1445,11337.4,1932.95
1446,11467.37,1923.85
1447,11302.01,1957.35
1448,11534.75,-1.0
1449,11481.64,-1.0
1450,11707.78,-1.0
1451,11659.57,1972.35
1452,11923.25,1947.05
1453,11397.44,1940.45
1454,10187.51,1926.3
1455,10467.89,-1.0
1456,10159.62,-1.0
1457,10254.93,1928.45
1458,10367.74,1910.95
1459,10121.52,1947.2
1460,10227.83,1966.25
1461,10352.66,1947.4
1462,10395.44,-1.0
1463,10446.44,-1.0
1464,10330.77,1958.7
1465,10674.64,1949.35
1466,10785.62,1961.8
1467,10948.43,1936.25
1468,10943.89,1950.85
1469,10931.79,-1.0
1470,11081.43,-1.0
1471,10919.65,1909.35
1472,10430.46,1906.0
1473,10532.22,1873.4
1474,10234.48,1861.75
1475,10732.43,1859.7
1476,10692.84,-1.0
1477,10732.4,-1.0
1478,10774.24,1864.3
1479,10692.33,1883.95
1480,10840.8,1886.9
1481,10777.92,1902.0
1482,10619.24,1903.05
1483,10575.06,-1.0
1484,10551.77,-1.0
1485,10673.46,1909.6
1486,10788.56,1913.4
1487,10603.74,1884.5
1488,10670.8,1887.45
1489,10923.3,1923.25
1490,11063.19,-1.0
1491,11302.67,-1.0
1492,11376.61,1925.5
1493,11540.04,1891.3
1494,11428.24,1910.05
1495,11431.32,1891.9
1496,11503.73,1905.05
1497,11327.57,-1.0
1498,11366.51,-1.0
1499,11508.2,1905.6
1500,11758.16,1898.4
1501,11925.46,1924.15
1502,12831.56,1900.95
1503,12990.25,1903.65
1504,12944.52,-1.0
1505,13128.46,-1.0
1506,13036.77,1898.45
1507,13076.37,1905.7
1508,13651.47,1869.95
1509,13289.0,1870.3
1510,13458.66,1881.85
1511,13564.72,-1.0
1512,13810.32,-1.0
1513,13758.88,1889.9
1514,13575.17,1908.3
1515,14023.31,1900.15
1516,14155.59,1938.45
1517,15591.39,1940.8
1518,15595.77,-1.0
1519,14839.84,-1.0
1520,15490.6,1867.3
1521,15328.53,1878.7
1522,15317.04,1860.95
1523,15708.65,1874.85
1524,16295.57,1890.9
1525,16339.33,-1.0
1526,16091.07,-1.0
1527,15968.16,1885.6
1528,16725.15,1889.05
1529,17679.72,1876.1
1530,17798.45,1857.35
1531,17820.57,1875.7
1532,18687.45,-1.0
1533,18699.75,-1.0
1534,18422.28,1840.2
1535,18398.91,1799.6
1536,19172.52,1810.2
1537,18739.8,1807.4
1538,17151.44,1779.3
1539,17138.87,-1.0
1540,17732.42,-1.0
1541,18191.6,1762.55
1542,19709.73,1810.75
1543,18792.52,1822.6
1544,19226.97,1832.35
1545,19454.54,1843.0
1546,18670.49,-1.0
1547,19155.06,-1.0
1548,19377.66,1859.95
1549,19181.41,1868.15
1550,18318.87,1841.75
1551,18554.15,1844.35
1552,18247.76,1842.0
1553,18029.36,-1.0
1554,18803.44,-1.0
1555,19164.48,1831.15
1556,19276.59,1850.65
1557,19439.75,1851.95
1558,21379.48,1890.75
1559,22847.46,1879.75
1560,23150.79,-1.0
1561,23869.92,-1.0
1562,23490.58,1880.0
1563,22745.48,1877.1
1564,23824.99,1875.0
1565,23253.37,-1.0
1566,23715.53,-1.0
1567,24693.58,-1.0
1568,26443.21,-1.0
1569,26246.58,-1.0
1570,27036.69,1874.3
1571,27376.37,1887.6
1572,28856.59,-1.0
1573,28982.56,-1.0
1574,29393.75,-1.0
1575,32195.46,-1.0
1576,33000.78,1943.2
1577,32035.03,1940.35
1578,34046.67,1931.95
1579,36860.41,1920.1
1580,39486.04,1862.9
1581,40670.25,-1.0
1582,40240.72,-1.0
1583,38240.09,1847.25
1584,35544.94,1841.25
1585,34011.82,1858.85
1586,37393.13,1841.75
1587,39158.47,1839.0
1588,36828.52,-1.0
1589,36065.2,-1.0
1590,35793.01,1833.05
1591,36632.35,1834.7
1592,36020.13,1856.6
1593,35538.98,1862.1
1594,30797.88,1852.7
1595,33002.38,-1.0
1596,32099.74,-1.0
1597,32276.84,1856.85
1598,32243.26,1856.6
1599,32541.8,1843.0
1600,30419.17,1853.7
1601,33403.17,1863.8
1602,34314.26,-1.0
1603,34318.1,-1.0
1604,33136.46,1862.95
1605,33522.9,1833.1
1606,35529.66,1835.45
1607,37676.25,1785.9
1608,37002.09,1802.95
1609,38278.61,-1.0
1610,39323.26,-1.0
1611,38928.1,1835.25
1612,46364.3,1839.6
1613,46589.58,1842.65
1614,44878.17,1840.1
1615,48013.38,1816.35
1616,47471.4,-1.0
1617,47185.19,-1.0
1618,48720.37,1817.3
1619,47951.85,1794.25
1620,49160.1,1780.7
1621,52118.23,1773.15
1622,51608.15,1786.2
1623,55916.5,-1.0
1624,56001.2,-1.0
1625,57487.86,1807.45
1626,54123.4,1799.65
1627,48880.43,1788.0
1628,50624.84,1779.65
1629,46800.42,1742.85
1630,46340.31,-1.0
1631,46155.87,-1.0
1632,45113.92,1734.15
1633,49618.43,1723.85
1634,48356.04,1711.4
1635,50477.7,1712.1
1636,48448.91,1696.25
1637,48861.38,-1.0
1638,48881.59,-1.0
1639,51169.7,1687.05
1640,52299.33,1716.9
1641,54881.52,1716.2
1642,55997.23,1724.25
1643,57764.0,1704.8
1644,57253.28,-1.0
1645,61258.73,-1.0
1646,59133.47,1723.65
1647,55754.72,1735.0
1648,56872.38,1729.65
1649,58913.0,1725.9
1650,57665.9,1735.2
1651,58075.1,-1.0
1652,58085.8,-1.0
1653,57411.17,1736.15
1654,54204.96,1726.2
1655,54477.46,1730.5
1656,52508.23,1737.3
1657,51415.92,1731.8
1658,55074.47,-1.0
1659,55863.93,-1.0
1660,55783.71,1705.95
1661,57627.67,1683.95
1662,58730.13,1691.05
1663,58735.25,1726.05
1664,58736.92,-1.0
1665,59031.32,-1.0
1666,57076.49,-1.0
1667,58206.55,-1.0
1668,59054.1,1744.65
1669,58020.46,1738.05
1670,55947.27,1755.5
1671,58048.59,1741.2
1672,58102.58,-1.0
1673,59774.0,-1.0
1674,59964.87,1732.85
1675,59834.74,1747.95
1676,63554.44,1735.55
1677,62969.12,1757.2
1678,63252.63,1774.45
1679,61455.98,-1.0
1680,60087.09,-1.0
1681,56251.48,1774.5
1682,55703.14,1777.85
1683,56507.91,1798.2
1684,53808.8,1787.75
1685,51731.71,1781.8
1686,51153.13,-1.0
1687,50110.53,-1.0
1688,49075.58,1773.35
1689,54056.64,1784.15
1690,55071.46,1772.2
1691,54884.1,1762.65
1692,53584.15,1767.65
1693,57796.62,-1.0
1694,57857.5,-1.0
1695,56610.46,-1.0
1696,57213.33,1797.75
1697,53241.72,1782.25
1698,57473.23,1813.15
1699,56428.16,1836.55
1700,57380.27,-1.0
1701,58928.81,-1.0
1702,58280.73,1840.45
1703,55883.5,1829.1
1704,56750.0,1830.7
1705,49007.09,1821.8
1706,49702.27,1838.1
1707,49922.52,-1.0
1708,46736.58,-1.0
1709,46441.64,1853.7
1710,43596.24,1866.75
1711,42912.19,1888.45
1712,36964.27,1878.3
1713,40784.32,1875.9
1714,37280.35,-1.0
1715,37528.3,-1.0
1716,34754.54,1880.15
1717,38728.59,1887.0
1718,38410.5,1899.75
1719,39266.04,1891.45
1720,38445.29,1899.95
1721,35689.62,-1.0
1722,34647.67,-1.0
1723,35684.59,-1.0
1724,37310.54,1899.35
1725,36662.64,1902.75
1726,37585.24,1866.55
1727,39188.59,1890.6
1728,36885.51,-1.0
1729,35530.38,-1.0
1730,35816.17,1888.4
1731,33514.87,1893.15
1732,33450.19,1894.6
1733,37338.36,1888.65
1734,36704.57,1881.05
1735,37313.18,-1.0
1736,35494.9,-1.0
1737,39066.82,1865.6
1738,40525.8,1865.1
1739,40188.56,1860.75
1740,38324.87,1778.7
1741,38068.04,1773.1
1742,35729.82,-1.0
1743,35524.17,-1.0
1744,35592.35,1775.05
1745,31686.55,1775.05
1746,32447.59,1791.6
1747,33674.66,1784.85
1748,34639.38,1786.65
1749,31640.58,-1.0
1750,32160.91,-1.0
1751,34644.45,1780.3
1752,34456.67,1755.45
1753,35847.7,1763.15
1754,35047.36,1781.5
1755,33536.88,1786.15
1756,33856.86,-1.0
1757,34688.98,-1.0
1758,35309.3,1791.35
1759,33747.97,1809.85
1760,34211.01,1804.65
1761,33839.04,1807.7
1762,32877.41,1806.0
1763,33818.52,-1.0
1764,33515.57,-1.0
1765,34227.64,1792.4
1766,33158.25,1813.85
1767,32686.56,1823.2
1768,32814.61,1823.75
1769,31738.59,1824.3
1770,31421.25,-1.0
1771,31520.66,-1.0
1772,31783.49,1814.9
1773,30815.94,1823.05
1774,29790.24,1802.15
1775,32118.06,1799.45
1776,32297.89,1799.6
1777,33581.63,-1.0
1778,34279.34,-1.0
1779,35365.2,1800.2
1780,37318.14,1800.35
1781,39405.95,1796.6
1782,40002.53,1829.3
1783,40005.93,1825.75
1784,42214.15,-1.0
1785,41659.06,-1.0
1786,40000.46,1811.45
1787,39193.94,1812.65
1788,38138.0,1829.1
1789,39750.14,1800.75
1790,40882.0,1762.9
1791,42825.95,-1.0
1792,44634.13,-1.0
1793,43816.14,1738.85
1794,46333.46,1723.35
1795,45608.37,1743.6
1796,45611.46,1747.4
1797,44417.78,1773.85
1798,47833.98,-1.0
1799,47112.19,-1.0
1800,47056.41,1786.35
1801,45982.55,1789.45
1802,44648.57,1783.45
1803,44777.86,1782.05
1804,46734.65,1779.05
1805,49327.75,-1.0
1806,48932.02,-1.0
1807,49335.68,1802.0
1808,49523.5,1808.45
1809,47744.58,1788.7
1810,48972.09,1786.6
1811,46962.8,1798.5
1812,49056.86,-1.0
1813,48897.65,-1.0
1814,48806.78,-1.0
1815,47074.77,1814.85
1816,47155.87,1811.8
1817,48862.76,1812.55
1818,49329.01,1823.7
1819,50035.33,-1.0
1820,49947.38,-1.0
1821,51769.06,1821.6
1822,52677.4,1802.15
1823,46809.17,1786.0
1824,46078.38,1788.25
1825,46368.69,1794.6
